Fold,Train Acc,Validation Acc,Test Acc,N Epochs,Runtime
1.0,0.3101477324962616,0.30563461780548096,0.4556591808795929,1.0,102.27232456207275
2.0,0.47681835293769836,0.4782773554325104,0.32985919713974,1.0,97.86234760284424
3.0,0.31505680084228516,0.31616392731666565,0.19509965181350708,1.0,97.79635000228882
4.0,0.2901557981967926,0.2867577373981476,0.31614553928375244,1.0,97.79595446586609
5.0,0.2970261871814728,0.30006641149520874,0.3327848017215729,1.0,99.54357481002808
3.0,0.3378409743309021,0.33738000988960265,0.32590967416763306,1.0,99.05411028862
